Date,Survey_ID,Climate_Level,Treatment,Block,Plot_ID,Temp
7/15/18,1,Arid,Open,1,ARO1,51.705
7/19/18,2,Arid,Open,1,ARO1,50.61033
7/22/18,3,Arid,Open,1,ARO1,47.75913
7/29/18,4,Arid,Open,1,ARO1,44.24973
7/31/18,5,Arid,Open,1,ARO1,45.4712
8/6/18,6,Arid,Open,1,ARO1,48.51106
8/9/18,7,Arid,Open,1,ARO1,43.58246
8/12/18,8,Arid,Open,1,ARO1,44.16153
8/19/18,9,Arid,Open,1,ARO1,45.81813
8/22/18,10,Arid,Open,1,ARO1,46.03253
8/26/18,11,Arid,Open,1,ARO1,42.95866
9/1/18,12,Arid,Open,1,ARO1,44.05573
9/3/18,13,Arid,Open,1,ARO1,43.89573
9/11/18,14,Arid,Open,1,ARO1,43.9458
9/16/18,15,Arid,Open,1,ARO1,43.69946
9/21/18,16,Arid,Open,1,ARO1,42.69826
9/25/18,17,Arid,Open,1,ARO1,37.68106
9/29/18,18,Arid,Open,1,ARO1,33.01073
10/4/18,19,Arid,Open,1,ARO1,34.8948
10/7/18,20,Arid,Open,1,ARO1,39.9884
10/18/18,21,Arid,Open,1,ARO1,35.31313
10/21/18,22,Arid,Open,1,ARO1,29.7312
10/23/18,23,Arid,Open,1,ARO1,28.5314
11/3/18,24,Arid,Open,1,ARO1,27.11761
7/15/18,1,Arid,Open,2,ARO2,52.89273
7/19/18,2,Arid,Open,2,ARO2,51.84573
7/22/18,3,Arid,Open,2,ARO2,48.91926
7/29/18,4,Arid,Open,2,ARO2,46.245
7/31/18,5,Arid,Open,2,ARO2,48.12986
8/6/18,6,Arid,Open,2,ARO2,50.462
8/9/18,7,Arid,Open,2,ARO2,45.6772
8/12/18,8,Arid,Open,2,ARO2,46.95926
8/19/18,9,Arid,Open,2,ARO2,49.27613
8/22/18,10,Arid,Open,2,ARO2,48.9724
8/26/18,11,Arid,Open,2,ARO2,46.4526
9/1/18,12,Arid,Open,2,ARO2,47.69186
9/3/18,13,Arid,Open,2,ARO2,48.10866
9/11/18,14,Arid,Open,2,ARO2,47.83386
9/16/18,15,Arid,Open,2,ARO2,47.73053
9/21/18,16,Arid,Open,2,ARO2,46.38053
9/25/18,17,Arid,Open,2,ARO2,42.345
9/29/18,18,Arid,Open,2,ARO2,37.38533
10/4/18,19,Arid,Open,2,ARO2,40.1248
10/7/18,20,Arid,Open,2,ARO2,44.67793
10/18/18,21,Arid,Open,2,ARO2,40.62193
10/21/18,22,Arid,Open,2,ARO2,35.5584
10/23/18,23,Arid,Open,2,ARO2,35.23966
11/3/18,24,Arid,Open,2,ARO2,33.11338
7/15/18,1,Arid,Open,3,ARO3,53.54653
7/19/18,2,Arid,Open,3,ARO3,52.17893
7/22/18,3,Arid,Open,3,ARO3,48.41
7/29/18,4,Arid,Open,3,ARO3,43.78093
7/31/18,5,Arid,Open,3,ARO3,45.4274
8/6/18,6,Arid,Open,3,ARO3,48.23733
8/9/18,7,Arid,Open,3,ARO3,43.87433
8/12/18,8,Arid,Open,3,ARO3,45.29873
8/19/18,9,Arid,Open,3,ARO3,47.68953
8/22/18,10,Arid,Open,3,ARO3,47.43006
8/26/18,11,Arid,Open,3,ARO3,44.96506
9/1/18,12,Arid,Open,3,ARO3,46.48126
9/3/18,13,Arid,Open,3,ARO3,46.9344
9/11/18,14,Arid,Open,3,ARO3,46.77353
9/16/18,15,Arid,Open,3,ARO3,47.72573
9/21/18,16,Arid,Open,3,ARO3,46.72273
9/25/18,17,Arid,Open,3,ARO3,42.8092
9/29/18,18,Arid,Open,3,ARO3,37.488
10/4/18,19,Arid,Open,3,ARO3,40.75813
10/7/18,20,Arid,Open,3,ARO3,45.38946
10/18/18,21,Arid,Open,3,ARO3,41.3094
10/21/18,22,Arid,Open,3,ARO3,35.92513
10/23/18,23,Arid,Open,3,ARO3,34.60913
11/3/18,24,Arid,Open,3,ARO3,32.6004
7/15/18,1,Intermediate,Open,1,INO1,44.05126
7/19/18,2,Intermediate,Open,1,INO1,50.15146
7/22/18,3,Intermediate,Open,1,INO1,47.09766
7/29/18,4,Intermediate,Open,1,INO1,45.86193
7/31/18,5,Intermediate,Open,1,INO1,49.45853
8/6/18,6,Intermediate,Open,1,INO1,48.08246
8/9/18,7,Intermediate,Open,1,INO1,48.51406
8/12/18,8,Intermediate,Open,1,INO1,50.7554
8/19/18,9,Intermediate,Open,1,INO1,50.59493
8/22/18,10,Intermediate,Open,1,INO1,46.20473
8/26/18,11,Intermediate,Open,1,INO1,46.04173
9/1/18,12,Intermediate,Open,1,INO1,47.5844
9/3/18,13,Intermediate,Open,1,INO1,45.44146
9/11/18,14,Intermediate,Open,1,INO1,40.96613
9/16/18,15,Intermediate,Open,1,INO1,43.107
9/21/18,16,Intermediate,Open,1,INO1,43.49733
9/25/18,17,Intermediate,Open,1,INO1,41.99213
9/29/18,18,Intermediate,Open,1,INO1,40.07093
10/4/18,19,Intermediate,Open,1,INO1,42.34453
10/7/18,20,Intermediate,Open,1,INO1,34.48646
10/18/18,21,Intermediate,Open,1,INO1,32.416
10/21/18,22,Intermediate,Open,1,INO1,34.81026
10/23/18,23,Intermediate,Open,1,INO1,25.74413
11/3/18,24,Intermediate,Open,1,INO1,19.8368
7/15/18,1,Intermediate,Open,2,INO2,43.5752
7/19/18,2,Intermediate,Open,2,INO2,48.28926
7/22/18,3,Intermediate,Open,2,INO2,46.20193
7/29/18,4,Intermediate,Open,2,INO2,45.56526
7/31/18,5,Intermediate,Open,2,INO2,50.53913
8/6/18,6,Intermediate,Open,2,INO2,49.9146
8/9/18,7,Intermediate,Open,2,INO2,50.19846
8/12/18,8,Intermediate,Open,2,INO2,52.4242
8/19/18,9,Intermediate,Open,2,INO2,51.7572
8/22/18,10,Intermediate,Open,2,INO2,48.71233
8/26/18,11,Intermediate,Open,2,INO2,48.46893
9/1/18,12,Intermediate,Open,2,INO2,49.22846
9/3/18,13,Intermediate,Open,2,INO2,47.36093
9/11/18,14,Intermediate,Open,2,INO2,43.6736
9/16/18,15,Intermediate,Open,2,INO2,45.7558
9/21/18,16,Intermediate,Open,2,INO2,45.50586
9/25/18,17,Intermediate,Open,2,INO2,43.95826
9/29/18,18,Intermediate,Open,2,INO2,41.07853
10/4/18,19,Intermediate,Open,2,INO2,44.09533
10/7/18,20,Intermediate,Open,2,INO2,36.58513
10/18/18,21,Intermediate,Open,2,INO2,33.31153
10/21/18,22,Intermediate,Open,2,INO2,35.80633
10/23/18,23,Intermediate,Open,2,INO2,28.3404
11/3/18,24,Intermediate,Open,2,INO2,21.6526
7/15/18,1,Intermediate,Open,3,INO3,36.51326
7/19/18,2,Intermediate,Open,3,INO3,41.81526
7/22/18,3,Intermediate,Open,3,INO3,41.44266
7/29/18,4,Intermediate,Open,3,INO3,38.83333
7/31/18,5,Intermediate,Open,3,INO3,42.88613
8/6/18,6,Intermediate,Open,3,INO3,41.0064
8/9/18,7,Intermediate,Open,3,INO3,41.1904
8/12/18,8,Intermediate,Open,3,INO3,44.84366
8/19/18,9,Intermediate,Open,3,INO3,45.43366
8/22/18,10,Intermediate,Open,3,INO3,41.67626
8/26/18,11,Intermediate,Open,3,INO3,40.43353
9/1/18,12,Intermediate,Open,3,INO3,42.71973
9/3/18,13,Intermediate,Open,3,INO3,41.2556
9/11/18,14,Intermediate,Open,3,INO3,38.0088
9/16/18,15,Intermediate,Open,3,INO3,39.8224
9/21/18,16,Intermediate,Open,3,INO3,40.30173
9/25/18,17,Intermediate,Open,3,INO3,40.09773
9/29/18,18,Intermediate,Open,3,INO3,37.73413
10/4/18,19,Intermediate,Open,3,INO3,40.37633
10/7/18,20,Intermediate,Open,3,INO3,32.0616
10/18/18,21,Intermediate,Open,3,INO3,31.56546
10/21/18,22,Intermediate,Open,3,INO3,32.61906
10/23/18,23,Intermediate,Open,3,INO3,25.8678
11/3/18,24,Intermediate,Open,3,INO3,19.38353
7/15/18,1,Intermediate,Partial,1,INP1,32.70246
7/19/18,2,Intermediate,Partial,1,INP1,38.63653
7/22/18,3,Intermediate,Partial,1,INP1,36.7438
7/29/18,4,Intermediate,Partial,1,INP1,34.43866
7/31/18,5,Intermediate,Partial,1,INP1,39.7606
8/6/18,6,Intermediate,Partial,1,INP1,36.60253
8/9/18,7,Intermediate,Partial,1,INP1,37.0984
8/12/18,8,Intermediate,Partial,1,INP1,40.8118
8/19/18,9,Intermediate,Partial,1,INP1,40.98113
8/22/18,10,Intermediate,Partial,1,INP1,36.99626
8/26/18,11,Intermediate,Partial,1,INP1,36.03393
9/1/18,12,Intermediate,Partial,1,INP1,38.083
9/3/18,13,Intermediate,Partial,1,INP1,36.18313
9/11/18,14,Intermediate,Partial,1,INP1,32.78606
9/16/18,15,Intermediate,Partial,1,INP1,32.5328
9/21/18,16,Intermediate,Partial,1,INP1,33.67746
9/25/18,17,Intermediate,Partial,1,INP1,33.45193
9/29/18,18,Intermediate,Partial,1,INP1,32.25566
10/4/18,19,Intermediate,Partial,1,INP1,34.5948
10/7/18,20,Intermediate,Partial,1,INP1,27.01866
10/18/18,21,Intermediate,Partial,1,INP1,26.90093
10/21/18,22,Intermediate,Partial,1,INP1,28.17413
10/23/18,23,Intermediate,Partial,1,INP1,19.65986
11/3/18,24,Intermediate,Partial,1,INP1,14.49506
7/15/18,1,Intermediate,Partial,2,INP2,42.98386
7/19/18,2,Intermediate,Partial,2,INP2,48.5696
7/22/18,3,Intermediate,Partial,2,INP2,45.30606
7/29/18,4,Intermediate,Partial,2,INP2,42.62833
7/31/18,5,Intermediate,Partial,2,INP2,47.35266
8/6/18,6,Intermediate,Partial,2,INP2,46.46993
8/9/18,7,Intermediate,Partial,2,INP2,46.45613
8/12/18,8,Intermediate,Partial,2,INP2,49.2264
8/19/18,9,Intermediate,Partial,2,INP2,47.99786
8/22/18,10,Intermediate,Partial,2,INP2,44.9474
8/26/18,11,Intermediate,Partial,2,INP2,45.44213
9/1/18,12,Intermediate,Partial,2,INP2,46.77933
9/3/18,13,Intermediate,Partial,2,INP2,44.65826
9/11/18,14,Intermediate,Partial,2,INP2,39.92786
9/16/18,15,Intermediate,Partial,2,INP2,42.38146
9/21/18,16,Intermediate,Partial,2,INP2,42.17426
9/25/18,17,Intermediate,Partial,2,INP2,41.39966
9/29/18,18,Intermediate,Partial,2,INP2,38.541
10/4/18,19,Intermediate,Partial,2,INP2,41.62166
10/7/18,20,Intermediate,Partial,2,INP2,34.6288
10/18/18,21,Intermediate,Partial,2,INP2,32.24066
10/21/18,22,Intermediate,Partial,2,INP2,34.97773
10/23/18,23,Intermediate,Partial,2,INP2,26.7102
11/3/18,24,Intermediate,Partial,2,INP2,18.7014
7/15/18,1,Intermediate,Partial,3,INP3,38.7058
7/19/18,2,Intermediate,Partial,3,INP3,43.19386
7/22/18,3,Intermediate,Partial,3,INP3,42.78153
7/29/18,4,Intermediate,Partial,3,INP3,40.34293
7/31/18,5,Intermediate,Partial,3,INP3,45.56166
8/6/18,6,Intermediate,Partial,3,INP3,43.55413
8/9/18,7,Intermediate,Partial,3,INP3,44.24033
8/12/18,8,Intermediate,Partial,3,INP3,47.69506
8/19/18,9,Intermediate,Partial,3,INP3,46.0108
8/22/18,10,Intermediate,Partial,3,INP3,44.57706
8/26/18,11,Intermediate,Partial,3,INP3,44.0436
9/1/18,12,Intermediate,Partial,3,INP3,46.1176
9/3/18,13,Intermediate,Partial,3,INP3,44.1978
9/11/18,14,Intermediate,Partial,3,INP3,39.89246
9/16/18,15,Intermediate,Partial,3,INP3,42.50613
9/21/18,16,Intermediate,Partial,3,INP3,43.39886
9/25/18,17,Intermediate,Partial,3,INP3,41.95766
9/29/18,18,Intermediate,Partial,3,INP3,40.37893
10/4/18,19,Intermediate,Partial,3,INP3,43.2632
10/7/18,20,Intermediate,Partial,3,INP3,35.82446
10/18/18,21,Intermediate,Partial,3,INP3,34.4346
10/21/18,22,Intermediate,Partial,3,INP3,37.96833
10/23/18,23,Intermediate,Partial,3,INP3,29.5824
11/3/18,24,Intermediate,Partial,3,INP3,24.3944
7/15/18,1,Intermediate,Total,1,INT1,43.99806
7/19/18,2,Intermediate,Total,1,INT1,49.74246
7/22/18,3,Intermediate,Total,1,INT1,46.17333
7/29/18,4,Intermediate,Total,1,INT1,45.04366
7/31/18,5,Intermediate,Total,1,INT1,48.86866
8/6/18,6,Intermediate,Total,1,INT1,46.80313
8/9/18,7,Intermediate,Total,1,INT1,46.5356
8/12/18,8,Intermediate,Total,1,INT1,50.41846
8/19/18,9,Intermediate,Total,1,INT1,50.39953
8/22/18,10,Intermediate,Total,1,INT1,45.58006
8/26/18,11,Intermediate,Total,1,INT1,44.74613
9/1/18,12,Intermediate,Total,1,INT1,46.8424
9/3/18,13,Intermediate,Total,1,INT1,43.6394
9/11/18,14,Intermediate,Total,1,INT1,38.49946
9/16/18,15,Intermediate,Total,1,INT1,39.8872
9/21/18,16,Intermediate,Total,1,INT1,39.01466
9/25/18,17,Intermediate,Total,1,INT1,39.11673
9/29/18,18,Intermediate,Total,1,INT1,36.67593
10/4/18,19,Intermediate,Total,1,INT1,39.1326
10/7/18,20,Intermediate,Total,1,INT1,30.22093
10/18/18,21,Intermediate,Total,1,INT1,27.54066
10/21/18,22,Intermediate,Total,1,INT1,28.46106
10/23/18,23,Intermediate,Total,1,INT1,19.56366
11/3/18,24,Intermediate,Total,1,INT1,15.00233
7/15/18,1,Intermediate,Total,2,INT2,41.24986
7/19/18,2,Intermediate,Total,2,INT2,47.7026
7/22/18,3,Intermediate,Total,2,INT2,43.0512
7/29/18,4,Intermediate,Total,2,INT2,43.60666
7/31/18,5,Intermediate,Total,2,INT2,46.84986
8/6/18,6,Intermediate,Total,2,INT2,44.42826
8/9/18,7,Intermediate,Total,2,INT2,43.91133
8/12/18,8,Intermediate,Total,2,INT2,47.35773
8/19/18,9,Intermediate,Total,2,INT2,47.9344
8/22/18,10,Intermediate,Total,2,INT2,43.29286
8/26/18,11,Intermediate,Total,2,INT2,42.63826
9/1/18,12,Intermediate,Total,2,INT2,45.08133
9/3/18,13,Intermediate,Total,2,INT2,43.89413
9/11/18,14,Intermediate,Total,2,INT2,38.5176
9/16/18,15,Intermediate,Total,2,INT2,39.525
9/21/18,16,Intermediate,Total,2,INT2,40.07946
9/25/18,17,Intermediate,Total,2,INT2,39.78573
9/29/18,18,Intermediate,Total,2,INT2,38.0458
10/4/18,19,Intermediate,Total,2,INT2,40.6072
10/7/18,20,Intermediate,Total,2,INT2,32.45546
10/18/18,21,Intermediate,Total,2,INT2,28.5862
10/21/18,22,Intermediate,Total,2,INT2,30.16053
10/23/18,23,Intermediate,Total,2,INT2,21.81
11/3/18,24,Intermediate,Total,2,INT2,15.16646
7/15/18,1,Intermediate,Total,3,INT3,38.45306
7/19/18,2,Intermediate,Total,3,INT3,44.11753
7/22/18,3,Intermediate,Total,3,INT3,41.49833
7/29/18,4,Intermediate,Total,3,INT3,39.982
7/31/18,5,Intermediate,Total,3,INT3,45.021
8/6/18,6,Intermediate,Total,3,INT3,42.97293
8/9/18,7,Intermediate,Total,3,INT3,43.13666
8/12/18,8,Intermediate,Total,3,INT3,45.25426
8/19/18,9,Intermediate,Total,3,INT3,45.16786
8/22/18,10,Intermediate,Total,3,INT3,42.2614
8/26/18,11,Intermediate,Total,3,INT3,41.42946
9/1/18,12,Intermediate,Total,3,INT3,43.12393
9/3/18,13,Intermediate,Total,3,INT3,41.63093
9/11/18,14,Intermediate,Total,3,INT3,36.7276
9/16/18,15,Intermediate,Total,3,INT3,37.23293
9/21/18,16,Intermediate,Total,3,INT3,38.33953
9/25/18,17,Intermediate,Total,3,INT3,38.15593
9/29/18,18,Intermediate,Total,3,INT3,34.93133
10/4/18,19,Intermediate,Total,3,INT3,38.79606
10/7/18,20,Intermediate,Total,3,INT3,29.60186
10/18/18,21,Intermediate,Total,3,INT3,26.87053
10/21/18,22,Intermediate,Total,3,INT3,29.24473
10/23/18,23,Intermediate,Total,3,INT3,20.15346
11/3/18,24,Intermediate,Total,3,INT3,14.40326
7/29/18,4,Mesic ,Open,1,MEO1,27.68513
7/31/18,5,Mesic ,Open,1,MEO1,22.6918
8/6/18,6,Mesic ,Open,1,MEO1,21.2576
8/9/18,7,Mesic ,Open,1,MEO1,19.17613
8/12/18,8,Mesic ,Open,1,MEO1,19.8656
8/19/18,9,Mesic ,Open,1,MEO1,21.73713
8/26/18,11,Mesic ,Open,1,MEO1,18.81553
9/3/18,13,Mesic ,Open,1,MEO1,18.70286
9/11/18,14,Mesic ,Open,1,MEO1,21.40692
9/16/18,15,Mesic ,Open,1,MEO1,20.93053
9/29/18,18,Mesic ,Open,1,MEO1,21.2396
10/4/18,19,Mesic ,Open,1,MEO1,21.93266
10/7/18,20,Mesic ,Open,1,MEO1,23.94733
10/18/18,21,Mesic ,Open,1,MEO1,23.53353
10/21/18,22,Mesic ,Open,1,MEO1,25.20626
7/29/18,4,Mesic ,Open,2,MEO2,27.52686
7/31/18,5,Mesic ,Open,2,MEO2,22.9636
8/6/18,6,Mesic ,Open,2,MEO2,21.25966
8/9/18,7,Mesic ,Open,2,MEO2,19.88833
8/12/18,8,Mesic ,Open,2,MEO2,19.65353
8/19/18,9,Mesic ,Open,2,MEO2,22.523
8/26/18,11,Mesic ,Open,2,MEO2,19.5922
9/3/18,13,Mesic ,Open,2,MEO2,19.71373
9/11/18,14,Mesic ,Open,2,MEO2,20.04983
9/16/18,15,Mesic ,Open,2,MEO2,22.94773
9/29/18,18,Mesic ,Open,2,MEO2,24.266
10/4/18,19,Mesic ,Open,2,MEO2,24.61146
10/7/18,20,Mesic ,Open,2,MEO2,25.7528
10/18/18,21,Mesic ,Open,2,MEO2,25.86393
10/21/18,22,Mesic ,Open,2,MEO2,23.17573
7/29/18,4,Mesic ,Open,3,MEO3,28.81646
7/31/18,5,Mesic ,Open,3,MEO3,24.571
8/6/18,6,Mesic ,Open,3,MEO3,23.3928
8/9/18,7,Mesic ,Open,3,MEO3,22.82746
8/12/18,8,Mesic ,Open,3,MEO3,19.45353
8/19/18,9,Mesic ,Open,3,MEO3,23.95653
8/26/18,11,Mesic ,Open,3,MEO3,21.58646
9/3/18,13,Mesic ,Open,3,MEO3,21.29373
9/11/18,14,Mesic ,Open,3,MEO3,20.50358
9/16/18,15,Mesic ,Open,3,MEO3,19.70493
9/29/18,18,Mesic ,Open,3,MEO3,24.45133
10/4/18,19,Mesic ,Open,3,MEO3,27.107
10/7/18,20,Mesic ,Open,3,MEO3,25.54366
10/18/18,21,Mesic ,Open,3,MEO3,24.99406
10/21/18,22,Mesic ,Open,3,MEO3,22.71013
7/29/18,4,Mesic ,Partial,3,MEP1,26.33037
7/31/18,5,Mesic ,Partial,3,MEP1,21.7498
8/6/18,6,Mesic ,Partial,3,MEP1,20.55433
8/9/18,7,Mesic ,Partial,3,MEP1,16.58053
8/12/18,8,Mesic ,Partial,3,MEP1,14.6996
8/19/18,9,Mesic ,Partial,3,MEP1,21.50326
8/26/18,11,Mesic ,Partial,3,MEP1,18.57946
9/3/18,13,Mesic ,Partial,3,MEP1,19.1932
9/11/18,14,Mesic ,Partial,3,MEP1,10.90273
9/16/18,15,Mesic ,Partial,3,MEP1,20.20473
9/29/18,18,Mesic ,Partial,3,MEP1,22.65693
10/4/18,19,Mesic ,Partial,3,MEP1,24.6044
10/7/18,20,Mesic ,Partial,3,MEP1,27.00826
10/18/18,21,Mesic ,Partial,3,MEP1,25.46913
10/21/18,22,Mesic ,Partial,3,MEP1,24.25742
7/29/18,4,Mesic ,Partial,2,MEP2,25.90706
7/31/18,5,Mesic ,Partial,2,MEP2,21.6708
8/6/18,6,Mesic ,Partial,2,MEP2,20.58626
8/9/18,7,Mesic ,Partial,2,MEP2,15.42326
8/12/18,8,Mesic ,Partial,2,MEP2,14.98833
8/19/18,9,Mesic ,Partial,2,MEP2,20.489
8/26/18,11,Mesic ,Partial,2,MEP2,17.3128
9/3/18,13,Mesic ,Partial,2,MEP2,17.71613
9/11/18,14,Mesic ,Partial,2,MEP2,12.11066
9/16/18,15,Mesic ,Partial,2,MEP2,17.5456
9/29/18,18,Mesic ,Partial,2,MEP2,19.27613
10/4/18,19,Mesic ,Partial,2,MEP2,19.68946
10/7/18,20,Mesic ,Partial,2,MEP2,21.576
10/18/18,21,Mesic ,Partial,2,MEP2,20.24186
10/21/18,22,Mesic ,Partial,2,MEP2,21.08646
7/29/18,4,Mesic ,Partial,3,MEP3,25.89466
7/31/18,5,Mesic ,Partial,3,MEP3,23.43686
8/6/18,6,Mesic ,Partial,3,MEP3,22.5124
8/9/18,7,Mesic ,Partial,3,MEP3,19.82926
8/12/18,8,Mesic ,Partial,3,MEP3,17.85093
8/19/18,9,Mesic ,Partial,3,MEP3,21.20653
8/26/18,11,Mesic ,Partial,3,MEP3,18.5318
9/3/18,13,Mesic ,Partial,3,MEP3,18.0652
9/11/18,14,Mesic ,Partial,3,MEP3,14.63913
9/16/18,15,Mesic ,Partial,3,MEP3,18.38637
9/29/18,18,Mesic ,Partial,3,MEP3,20.1848
10/4/18,19,Mesic ,Partial,3,MEP3,20.14667
10/7/18,20,Mesic ,Partial,3,MEP3,22.24228
10/18/18,21,Mesic ,Partial,3,MEP3,21.20386
10/21/18,22,Mesic ,Partial,3,MEP3,22.30408
7/29/18,4,Mesic ,Total,1,MET1,25.47893
7/31/18,5,Mesic ,Total,1,MET1,21.38546
8/6/18,6,Mesic ,Total,1,MET1,20.1796
8/9/18,7,Mesic ,Total,1,MET1,15.53233
8/12/18,8,Mesic ,Total,1,MET1,7.8626
8/19/18,9,Mesic ,Total,1,MET1,19.87253
8/26/18,11,Mesic ,Total,1,MET1,16.81553
9/3/18,13,Mesic ,Total,1,MET1,17.04026
9/11/18,14,Mesic ,Total,1,MET1,6.95493
9/16/18,15,Mesic ,Total,1,MET1,17.13266
9/29/18,18,Mesic ,Total,1,MET1,18.84253
10/4/18,19,Mesic ,Total,1,MET1,20.14506
10/7/18,20,Mesic ,Total,1,MET1,21.72893
10/18/18,21,Mesic ,Total,1,MET1,19.49726
10/21/18,22,Mesic ,Total,1,MET1,23.37666
7/29/18,4,Mesic ,Total,2,MET2,26.09726
7/31/18,5,Mesic ,Total,2,MET2,21.85986
8/6/18,6,Mesic ,Total,2,MET2,20.5944
8/9/18,7,Mesic ,Total,2,MET2,16.28493
8/12/18,8,Mesic ,Total,2,MET2,7.7604
8/19/18,9,Mesic ,Total,2,MET2,20.41433
8/26/18,11,Mesic ,Total,2,MET2,17.21233
9/3/18,13,Mesic ,Total,2,MET2,17.36013
9/11/18,14,Mesic ,Total,2,MET2,6.37413
9/16/18,15,Mesic ,Total,2,MET2,17.34666
9/29/18,18,Mesic ,Total,2,MET2,19.7026
10/4/18,19,Mesic ,Total,2,MET2,20.65753
10/7/18,20,Mesic ,Total,2,MET2,22.16086
10/18/18,21,Mesic ,Total,2,MET2,21.07106
10/21/18,22,Mesic ,Total,2,MET2,23.03185
7/29/18,4,Mesic ,Total,3,MET3,24.99653
7/31/18,5,Mesic ,Total,3,MET3,20.61166
8/6/18,6,Mesic ,Total,3,MET3,19.58173
8/9/18,7,Mesic ,Total,3,MET3,14.81493
8/12/18,8,Mesic ,Total,3,MET3,8.30973
8/19/18,9,Mesic ,Total,3,MET3,19.84006
8/26/18,11,Mesic ,Total,3,MET3,16.57946
9/3/18,13,Mesic ,Total,3,MET3,16.81166
9/11/18,14,Mesic ,Total,3,MET3,7.10686
9/16/18,15,Mesic ,Total,3,MET3,17.76073
9/29/18,18,Mesic ,Total,3,MET3,19.34166
10/4/18,19,Mesic ,Total,3,MET3,19.7178
10/7/18,20,Mesic ,Total,3,MET3,21.2686
10/18/18,21,Mesic ,Total,3,MET3,21.13393
10/21/18,22,Mesic ,Total,3,MET3,21.97893
7/15/18,1,Arid,Partial,1,ARP1,48.68
7/19/18,2,Arid,Partial,1,ARP1,47.22
7/22/18,3,Arid,Partial,1,ARP1,45.32
7/29/18,4,Arid,Partial,1,ARP1,41.06
7/31/18,5,Arid,Partial,1,ARP1,41.82
8/6/18,6,Arid,Partial,1,ARP1,45.82
8/9/18,7,Arid,Partial,1,ARP1,41.96
8/12/18,8,Arid,Partial,1,ARP1,41.46
8/19/18,9,Arid,Partial,1,ARP1,44.02
8/22/18,10,Arid,Partial,1,ARP1,43.7
8/26/18,11,Arid,Partial,1,ARP1,40.96
9/1/18,12,Arid,Partial,1,ARP1,41.98
9/3/18,13,Arid,Partial,1,ARP1,42.4
9/11/18,14,Arid,Partial,1,ARP1,42.78
9/16/18,15,Arid,Partial,1,ARP1,42.4
9/21/18,16,Arid,Partial,1,ARP1,41.76
9/25/18,17,Arid,Partial,1,ARP1,37.08
9/29/18,18,Arid,Partial,1,ARP1,32
10/4/18,19,Arid,Partial,1,ARP1,34.64
10/7/18,20,Arid,Partial,1,ARP1,39.78
10/18/18,21,Arid,Partial,1,ARP1,35.94
10/21/18,22,Arid,Partial,1,ARP1,30.18
10/23/18,23,Arid,Partial,1,ARP1,28.02
11/3/18,24,Arid,Partial,1,ARP1,26.54
7/15/18,1,Arid,Partial,1,ARP1,47.82
7/19/18,2,Arid,Partial,1,ARP1,45.76
7/22/18,3,Arid,Partial,1,ARP1,43.62
7/29/18,4,Arid,Partial,1,ARP1,39.74
7/31/18,5,Arid,Partial,1,ARP1,40.74
8/6/18,6,Arid,Partial,1,ARP1,43.82
8/9/18,7,Arid,Partial,1,ARP1,40.14
8/12/18,8,Arid,Partial,1,ARP1,39.96
8/19/18,9,Arid,Partial,1,ARP1,41.36
8/22/18,10,Arid,Partial,1,ARP1,41.66
8/26/18,11,Arid,Partial,1,ARP1,38.4
9/1/18,12,Arid,Partial,1,ARP1,39.74
9/3/18,13,Arid,Partial,1,ARP1,39.64
9/11/18,14,Arid,Partial,1,ARP1,40.12
9/16/18,15,Arid,Partial,1,ARP1,39.56
9/21/18,16,Arid,Partial,1,ARP1,39.16
9/25/18,17,Arid,Partial,1,ARP1,34.24
9/29/18,18,Arid,Partial,1,ARP1,29.88
10/4/18,19,Arid,Partial,1,ARP1,31.96
10/7/18,20,Arid,Partial,1,ARP1,37.48
10/18/18,21,Arid,Partial,1,ARP1,33.24
10/21/18,22,Arid,Partial,1,ARP1,27.54
10/23/18,23,Arid,Partial,1,ARP1,26.34
11/3/18,24,Arid,Partial,1,ARP1,24.66
7/15/18,1,Arid,Partial,1,ARP1,48.22
7/19/18,2,Arid,Partial,1,ARP1,47.52
7/22/18,3,Arid,Partial,1,ARP1,45.18
7/29/18,4,Arid,Partial,1,ARP1,42.18
7/31/18,5,Arid,Partial,1,ARP1,42.78
8/6/18,6,Arid,Partial,1,ARP1,45.94
8/9/18,7,Arid,Partial,1,ARP1,41.72
8/12/18,8,Arid,Partial,1,ARP1,41.36
8/19/18,9,Arid,Partial,1,ARP1,43.56
8/22/18,10,Arid,Partial,1,ARP1,44.12
8/26/18,11,Arid,Partial,1,ARP1,40.92
9/1/18,12,Arid,Partial,1,ARP1,42.34
9/3/18,13,Arid,Partial,1,ARP1,42.18
9/11/18,14,Arid,Partial,1,ARP1,41.72
9/16/18,15,Arid,Partial,1,ARP1,41.42
9/21/18,16,Arid,Partial,1,ARP1,40.3
9/25/18,17,Arid,Partial,1,ARP1,35.5
9/29/18,18,Arid,Partial,1,ARP1,30.84
10/4/18,19,Arid,Partial,1,ARP1,32.84
10/7/18,20,Arid,Partial,1,ARP1,38.2
10/18/18,21,Arid,Partial,1,ARP1,33.48
10/21/18,22,Arid,Partial,1,ARP1,28.12
10/23/18,23,Arid,Partial,1,ARP1,27.08
11/3/18,24,Arid,Partial,1,ARP1,25.3
7/15/18,1,Arid,Partial,2,ARP2,48.68
7/19/18,2,Arid,Partial,2,ARP2,47.52
7/22/18,3,Arid,Partial,2,ARP2,45.12
7/29/18,4,Arid,Partial,2,ARP2,41.14
7/31/18,5,Arid,Partial,2,ARP2,41.5
8/6/18,6,Arid,Partial,2,ARP2,45.84
8/9/18,7,Arid,Partial,2,ARP2,41.54
8/12/18,8,Arid,Partial,2,ARP2,40.42
8/19/18,9,Arid,Partial,2,ARP2,43.26
8/22/18,10,Arid,Partial,2,ARP2,42.9
8/26/18,11,Arid,Partial,2,ARP2,39.6
9/1/18,12,Arid,Partial,2,ARP2,40.92
9/3/18,13,Arid,Partial,2,ARP2,41.44
9/11/18,14,Arid,Partial,2,ARP2,41.82
9/16/18,15,Arid,Partial,2,ARP2,41.34
9/21/18,16,Arid,Partial,2,ARP2,40.68
9/25/18,17,Arid,Partial,2,ARP2,35.66
9/29/18,18,Arid,Partial,2,ARP2,31
10/4/18,19,Arid,Partial,2,ARP2,33.46
10/7/18,20,Arid,Partial,2,ARP2,38.96
10/18/18,21,Arid,Partial,2,ARP2,35.2
10/21/18,22,Arid,Partial,2,ARP2,30.02
10/23/18,23,Arid,Partial,2,ARP2,28.24
11/3/18,24,Arid,Partial,2,ARP2,25.94
7/15/18,1,Arid,Partial,2,ARP2,49.2
7/19/18,2,Arid,Partial,2,ARP2,48.64
7/22/18,3,Arid,Partial,2,ARP2,46.7
7/29/18,4,Arid,Partial,2,ARP2,43.22
7/31/18,5,Arid,Partial,2,ARP2,44.1
8/6/18,6,Arid,Partial,2,ARP2,47.5
8/9/18,7,Arid,Partial,2,ARP2,42.5
8/12/18,8,Arid,Partial,2,ARP2,42.82
8/19/18,9,Arid,Partial,2,ARP2,44.48
8/22/18,10,Arid,Partial,2,ARP2,44.28
8/26/18,11,Arid,Partial,2,ARP2,41.16
9/1/18,12,Arid,Partial,2,ARP2,42.7
9/3/18,13,Arid,Partial,2,ARP2,42.64
9/11/18,14,Arid,Partial,2,ARP2,42.86
9/16/18,15,Arid,Partial,2,ARP2,41.38
9/21/18,16,Arid,Partial,2,ARP2,40.14
9/25/18,17,Arid,Partial,2,ARP2,35.56
9/29/18,18,Arid,Partial,2,ARP2,30.82
10/4/18,19,Arid,Partial,2,ARP2,33.48
10/7/18,20,Arid,Partial,2,ARP2,37.56
10/18/18,21,Arid,Partial,2,ARP2,33.34
10/21/18,22,Arid,Partial,2,ARP2,26.86
10/23/18,23,Arid,Partial,2,ARP2,25.4
11/3/18,24,Arid,Partial,2,ARP2,24.1
7/15/18,1,Arid,Partial,2,ARP2,49.66
7/19/18,2,Arid,Partial,2,ARP2,47.74
7/22/18,3,Arid,Partial,2,ARP2,44
7/29/18,4,Arid,Partial,2,ARP2,42.12
7/31/18,5,Arid,Partial,2,ARP2,44.5
8/6/18,6,Arid,Partial,2,ARP2,46.52
8/9/18,7,Arid,Partial,2,ARP2,42.58
8/12/18,8,Arid,Partial,2,ARP2,43.2
8/19/18,9,Arid,Partial,2,ARP2,45.28
8/22/18,10,Arid,Partial,2,ARP2,44.78
8/26/18,11,Arid,Partial,2,ARP2,42.42
9/1/18,12,Arid,Partial,2,ARP2,43.1
9/3/18,13,Arid,Partial,2,ARP2,43.54
9/11/18,14,Arid,Partial,2,ARP2,41.86
9/16/18,15,Arid,Partial,2,ARP2,42.22
9/21/18,16,Arid,Partial,2,ARP2,40.2
9/25/18,17,Arid,Partial,2,ARP2,37.5
9/29/18,18,Arid,Partial,2,ARP2,30.88
10/4/18,19,Arid,Partial,2,ARP2,34.46
10/7/18,20,Arid,Partial,2,ARP2,38.84
10/18/18,21,Arid,Partial,2,ARP2,34.74
10/21/18,22,Arid,Partial,2,ARP2,27.76
10/23/18,23,Arid,Partial,2,ARP2,23.58
11/3/18,24,Arid,Partial,2,ARP2,23.12
7/15/18,1,Arid,Partial,3,ARP3,48.66
7/19/18,2,Arid,Partial,3,ARP3,47.64
7/22/18,3,Arid,Partial,3,ARP3,44.98
7/29/18,4,Arid,Partial,3,ARP3,40.82
7/31/18,5,Arid,Partial,3,ARP3,42.74
8/6/18,6,Arid,Partial,3,ARP3,45.22
8/9/18,7,Arid,Partial,3,ARP3,41.44
8/12/18,8,Arid,Partial,3,ARP3,42.1
8/19/18,9,Arid,Partial,3,ARP3,44.86
8/22/18,10,Arid,Partial,3,ARP3,43.82
8/26/18,11,Arid,Partial,3,ARP3,41.04
9/1/18,12,Arid,Partial,3,ARP3,42.56
9/3/18,13,Arid,Partial,3,ARP3,43.14
9/11/18,14,Arid,Partial,3,ARP3,43.18
9/16/18,15,Arid,Partial,3,ARP3,43.1
9/21/18,16,Arid,Partial,3,ARP3,42.62
9/25/18,17,Arid,Partial,3,ARP3,38.22
9/29/18,18,Arid,Partial,3,ARP3,33.34
10/4/18,19,Arid,Partial,3,ARP3,35.76
10/7/18,20,Arid,Partial,3,ARP3,40.2
10/18/18,21,Arid,Partial,3,ARP3,37.18
10/21/18,22,Arid,Partial,3,ARP3,32.34
10/23/18,23,Arid,Partial,3,ARP3,30.42
11/3/18,24,Arid,Partial,3,ARP3,29.24
7/15/18,1,Arid,Partial,3,ARP3,45.12
7/19/18,2,Arid,Partial,3,ARP3,45.1
7/22/18,3,Arid,Partial,3,ARP3,43.36
7/29/18,4,Arid,Partial,3,ARP3,40
7/31/18,5,Arid,Partial,3,ARP3,42.82
8/6/18,6,Arid,Partial,3,ARP3,43.18
8/9/18,7,Arid,Partial,3,ARP3,40.8
8/12/18,8,Arid,Partial,3,ARP3,41.94
8/19/18,9,Arid,Partial,3,ARP3,44.28
8/22/18,10,Arid,Partial,3,ARP3,44.38
8/26/18,11,Arid,Partial,3,ARP3,41.94
9/1/18,12,Arid,Partial,3,ARP3,42.58
9/3/18,13,Arid,Partial,3,ARP3,42.28
9/11/18,14,Arid,Partial,3,ARP3,42.88
9/16/18,15,Arid,Partial,3,ARP3,42.36
9/21/18,16,Arid,Partial,3,ARP3,42.58
9/25/18,17,Arid,Partial,3,ARP3,37.72
9/29/18,18,Arid,Partial,3,ARP3,33.28
10/4/18,19,Arid,Partial,3,ARP3,35.48
10/7/18,20,Arid,Partial,3,ARP3,37
10/18/18,21,Arid,Partial,3,ARP3,36.16
10/21/18,22,Arid,Partial,3,ARP3,31.02
10/23/18,23,Arid,Partial,3,ARP3,29.88
11/3/18,24,Arid,Partial,3,ARP3,28.26
7/15/18,1,Arid,Partial,3,ARP3,46.9
7/19/18,2,Arid,Partial,3,ARP3,45.72
7/22/18,3,Arid,Partial,3,ARP3,43.8
7/29/18,4,Arid,Partial,3,ARP3,39.2
7/31/18,5,Arid,Partial,3,ARP3,40
8/6/18,6,Arid,Partial,3,ARP3,44.58
8/9/18,7,Arid,Partial,3,ARP3,40.6
8/12/18,8,Arid,Partial,3,ARP3,39.9
8/19/18,9,Arid,Partial,3,ARP3,41.78
8/22/18,10,Arid,Partial,3,ARP3,41.84
8/26/18,11,Arid,Partial,3,ARP3,37.94
9/1/18,12,Arid,Partial,3,ARP3,39.14
9/3/18,13,Arid,Partial,3,ARP3,40.08
9/11/18,14,Arid,Partial,3,ARP3,39.1
9/16/18,15,Arid,Partial,3,ARP3,39.56
9/21/18,16,Arid,Partial,3,ARP3,37.96
9/25/18,17,Arid,Partial,3,ARP3,32.68
9/29/18,18,Arid,Partial,3,ARP3,27.62
10/4/18,19,Arid,Partial,3,ARP3,29.54
10/7/18,20,Arid,Partial,3,ARP3,34.44
10/18/18,21,Arid,Partial,3,ARP3,28.88
10/21/18,22,Arid,Partial,3,ARP3,24.02
10/23/18,23,Arid,Partial,3,ARP3,21.78
11/3/18,24,Arid,Partial,3,ARP3,20.92
7/15/18,1,Arid,Total,1,ART1,45.96
7/19/18,2,Arid,Total,1,ART1,44.8
7/22/18,3,Arid,Total,1,ART1,41.96
7/29/18,4,Arid,Total,1,ART1,38.72
7/31/18,5,Arid,Total,1,ART1,39.42
8/6/18,6,Arid,Total,1,ART1,43
8/9/18,7,Arid,Total,1,ART1,39.38
8/12/18,8,Arid,Total,1,ART1,39.28
8/19/18,9,Arid,Total,1,ART1,40.6
8/22/18,10,Arid,Total,1,ART1,40.86
8/26/18,11,Arid,Total,1,ART1,38.04
9/1/18,12,Arid,Total,1,ART1,39.24
9/3/18,13,Arid,Total,1,ART1,39.04
9/11/18,14,Arid,Total,1,ART1,39.1
9/16/18,15,Arid,Total,1,ART1,38.44
9/21/18,16,Arid,Total,1,ART1,37.88
9/25/18,17,Arid,Total,1,ART1,33.3
9/29/18,18,Arid,Total,1,ART1,29.16
10/4/18,19,Arid,Total,1,ART1,30.98
10/7/18,20,Arid,Total,1,ART1,36.28
10/18/18,21,Arid,Total,1,ART1,32.88
10/21/18,22,Arid,Total,1,ART1,27.5
10/23/18,23,Arid,Total,1,ART1,25.54
11/3/18,24,Arid,Total,1,ART1,24.3
7/15/18,1,Arid,Total,1,ART1,45.62
7/19/18,2,Arid,Total,1,ART1,44.82
7/22/18,3,Arid,Total,1,ART1,43.22
7/29/18,4,Arid,Total,1,ART1,39.6
7/31/18,5,Arid,Total,1,ART1,40.54
8/6/18,6,Arid,Total,1,ART1,44.1
8/9/18,7,Arid,Total,1,ART1,40.02
8/12/18,8,Arid,Total,1,ART1,39.9
8/19/18,9,Arid,Total,1,ART1,41.44
8/22/18,10,Arid,Total,1,ART1,41.5
8/26/18,11,Arid,Total,1,ART1,38.38
9/1/18,12,Arid,Total,1,ART1,39.58
9/3/18,13,Arid,Total,1,ART1,40.08
9/11/18,14,Arid,Total,1,ART1,40.14
9/16/18,15,Arid,Total,1,ART1,39.26
9/21/18,16,Arid,Total,1,ART1,39.48
9/25/18,17,Arid,Total,1,ART1,33.8
9/29/18,18,Arid,Total,1,ART1,29.86
10/4/18,19,Arid,Total,1,ART1,32.26
10/7/18,20,Arid,Total,1,ART1,36.88
10/18/18,21,Arid,Total,1,ART1,33.26
10/21/18,22,Arid,Total,1,ART1,28.2
10/23/18,23,Arid,Total,1,ART1,26.2
11/3/18,24,Arid,Total,1,ART1,24.8
7/15/18,1,Arid,Total,1,ART1,46.62
7/19/18,2,Arid,Total,1,ART1,44.7
7/22/18,3,Arid,Total,1,ART1,42.66
7/29/18,4,Arid,Total,1,ART1,39.76
7/31/18,5,Arid,Total,1,ART1,40.16
8/6/18,6,Arid,Total,1,ART1,43.96
8/9/18,7,Arid,Total,1,ART1,40.78
8/12/18,8,Arid,Total,1,ART1,40.08
8/19/18,9,Arid,Total,1,ART1,42.66
8/22/18,10,Arid,Total,1,ART1,42.14
8/26/18,11,Arid,Total,1,ART1,39.66
9/1/18,12,Arid,Total,1,ART1,40.24
9/3/18,13,Arid,Total,1,ART1,40.48
9/11/18,14,Arid,Total,1,ART1,40.66
9/16/18,15,Arid,Total,1,ART1,39.96
9/21/18,16,Arid,Total,1,ART1,40
9/25/18,17,Arid,Total,1,ART1,35.08
9/29/18,18,Arid,Total,1,ART1,30.78
10/4/18,19,Arid,Total,1,ART1,32.92
10/7/18,20,Arid,Total,1,ART1,38.14
10/18/18,21,Arid,Total,1,ART1,34.66
10/21/18,22,Arid,Total,1,ART1,28.64
10/23/18,23,Arid,Total,1,ART1,27
11/3/18,24,Arid,Total,1,ART1,25.8
7/15/18,1,Arid,Total,2,ART2,44.96
7/19/18,2,Arid,Total,2,ART2,43.18
7/22/18,3,Arid,Total,2,ART2,41.36
7/29/18,4,Arid,Total,2,ART2,38.06
7/31/18,5,Arid,Total,2,ART2,38.94
8/6/18,6,Arid,Total,2,ART2,42.56
8/9/18,7,Arid,Total,2,ART2,39.36
8/12/18,8,Arid,Total,2,ART2,39
8/19/18,9,Arid,Total,2,ART2,41
8/22/18,10,Arid,Total,2,ART2,40.66
8/26/18,11,Arid,Total,2,ART2,37.94
9/1/18,12,Arid,Total,2,ART2,39.36
9/3/18,13,Arid,Total,2,ART2,39.54
9/11/18,14,Arid,Total,2,ART2,39.9
9/16/18,15,Arid,Total,2,ART2,39.6
9/21/18,16,Arid,Total,2,ART2,39.18
9/25/18,17,Arid,Total,2,ART2,34.56
9/29/18,18,Arid,Total,2,ART2,29.6
10/4/18,19,Arid,Total,2,ART2,31.74
10/7/18,20,Arid,Total,2,ART2,37.54
10/18/18,21,Arid,Total,2,ART2,33.88
10/21/18,22,Arid,Total,2,ART2,27.96
10/23/18,23,Arid,Total,2,ART2,27.52
11/3/18,24,Arid,Total,2,ART2,25.32
7/15/18,1,Arid,Total,2,ART2,45.14
7/19/18,2,Arid,Total,2,ART2,43.78
7/22/18,3,Arid,Total,2,ART2,42.04
7/29/18,4,Arid,Total,2,ART2,38.48
7/31/18,5,Arid,Total,2,ART2,39.38
8/6/18,6,Arid,Total,2,ART2,43.8
8/9/18,7,Arid,Total,2,ART2,39.62
8/12/18,8,Arid,Total,2,ART2,39.32
8/19/18,9,Arid,Total,2,ART2,41.34
8/22/18,10,Arid,Total,2,ART2,41.4
8/26/18,11,Arid,Total,2,ART2,38.9
9/1/18,12,Arid,Total,2,ART2,40.28
9/3/18,13,Arid,Total,2,ART2,39.94
9/11/18,14,Arid,Total,2,ART2,40.96
9/16/18,15,Arid,Total,2,ART2,40.34
9/21/18,16,Arid,Total,2,ART2,40.28
9/25/18,17,Arid,Total,2,ART2,35.32
9/29/18,18,Arid,Total,2,ART2,30.9
10/4/18,19,Arid,Total,2,ART2,33.42
10/7/18,20,Arid,Total,2,ART2,38.54
10/18/18,21,Arid,Total,2,ART2,34.9
10/21/18,22,Arid,Total,2,ART2,29.1
10/23/18,23,Arid,Total,2,ART2,28.32
11/3/18,24,Arid,Total,2,ART2,26.64
7/15/18,1,Arid,Total,2,ART2,43.48
7/19/18,2,Arid,Total,2,ART2,42.24
7/22/18,3,Arid,Total,2,ART2,40.64
7/29/18,4,Arid,Total,2,ART2,37.36
7/31/18,5,Arid,Total,2,ART2,38.16
8/6/18,6,Arid,Total,2,ART2,42.26
8/9/18,7,Arid,Total,2,ART2,38.4
8/12/18,8,Arid,Total,2,ART2,38.12
8/19/18,9,Arid,Total,2,ART2,40
8/22/18,10,Arid,Total,2,ART2,40.06
8/26/18,11,Arid,Total,2,ART2,37.74
9/1/18,12,Arid,Total,2,ART2,39
9/3/18,13,Arid,Total,2,ART2,38.7
9/11/18,14,Arid,Total,2,ART2,39.64
9/16/18,15,Arid,Total,2,ART2,39.06
9/21/18,16,Arid,Total,2,ART2,39.02
9/25/18,17,Arid,Total,2,ART2,34.42
9/29/18,18,Arid,Total,2,ART2,30.4
10/4/18,19,Arid,Total,2,ART2,32.7
10/7/18,20,Arid,Total,2,ART2,37.4
10/18/18,21,Arid,Total,2,ART2,34.06
10/21/18,22,Arid,Total,2,ART2,28.72
10/23/18,23,Arid,Total,2,ART2,28
11/3/18,24,Arid,Total,2,ART2,26.46
7/15/18,1,Arid,Total,3,ART3,46.66
7/19/18,2,Arid,Total,3,ART3,45.5
7/22/18,3,Arid,Total,3,ART3,43.76
7/29/18,4,Arid,Total,3,ART3,40.32
7/31/18,5,Arid,Total,3,ART3,41.2
8/6/18,6,Arid,Total,3,ART3,44.52
8/9/18,7,Arid,Total,3,ART3,40.36
8/12/18,8,Arid,Total,3,ART3,40.72
8/19/18,9,Arid,Total,3,ART3,42.1
8/22/18,10,Arid,Total,3,ART3,42.4
8/26/18,11,Arid,Total,3,ART3,39.2
9/1/18,12,Arid,Total,3,ART3,40.32
9/3/18,13,Arid,Total,3,ART3,41.12
9/11/18,14,Arid,Total,3,ART3,40.36
9/16/18,15,Arid,Total,3,ART3,41.22
9/21/18,16,Arid,Total,3,ART3,39.9
9/25/18,17,Arid,Total,3,ART3,35.54
9/29/18,18,Arid,Total,3,ART3,30.98
10/4/18,19,Arid,Total,3,ART3,34.24
10/7/18,20,Arid,Total,3,ART3,38.34
10/18/18,21,Arid,Total,3,ART3,34.8
10/21/18,22,Arid,Total,3,ART3,29.14
10/23/18,23,Arid,Total,3,ART3,27.16
11/3/18,24,Arid,Total,3,ART3,26.14
7/15/18,1,Arid,Total,3,ART3,44.76
7/19/18,2,Arid,Total,3,ART3,43.66
7/22/18,3,Arid,Total,3,ART3,41.82
7/29/18,4,Arid,Total,3,ART3,38.76
7/31/18,5,Arid,Total,3,ART3,39.18
8/6/18,6,Arid,Total,3,ART3,43.52
8/9/18,7,Arid,Total,3,ART3,39.74
8/12/18,8,Arid,Total,3,ART3,39.04
8/19/18,9,Arid,Total,3,ART3,40.84
8/22/18,10,Arid,Total,3,ART3,41.18
8/26/18,11,Arid,Total,3,ART3,38.1
9/1/18,12,Arid,Total,3,ART3,39.42
9/3/18,13,Arid,Total,3,ART3,40.12
9/11/18,14,Arid,Total,3,ART3,39.88
9/16/18,15,Arid,Total,3,ART3,39.68
9/21/18,16,Arid,Total,3,ART3,39.06
9/25/18,17,Arid,Total,3,ART3,34.1
9/29/18,18,Arid,Total,3,ART3,29.98
10/4/18,19,Arid,Total,3,ART3,30.88
10/7/18,20,Arid,Total,3,ART3,37.02
10/18/18,21,Arid,Total,3,ART3,33.64
10/21/18,22,Arid,Total,3,ART3,27.66
10/23/18,23,Arid,Total,3,ART3,26.42
11/3/18,24,Arid,Total,3,ART3,25.58
7/15/18,1,Arid,Total,3,ART3,46.96
7/19/18,2,Arid,Total,3,ART3,45.1
7/22/18,3,Arid,Total,3,ART3,43.34
7/29/18,4,Arid,Total,3,ART3,39.92
7/31/18,5,Arid,Total,3,ART3,40.74
8/6/18,6,Arid,Total,3,ART3,44.34
8/9/18,7,Arid,Total,3,ART3,40.72
8/12/18,8,Arid,Total,3,ART3,40.78
8/19/18,9,Arid,Total,3,ART3,42.76
8/22/18,10,Arid,Total,3,ART3,43.12
8/26/18,11,Arid,Total,3,ART3,39.74
9/1/18,12,Arid,Total,3,ART3,40.88
9/3/18,13,Arid,Total,3,ART3,41.56
9/11/18,14,Arid,Total,3,ART3,41.48
9/16/18,15,Arid,Total,3,ART3,41.1
9/21/18,16,Arid,Total,3,ART3,40.56
9/25/18,17,Arid,Total,3,ART3,35.7
9/29/18,18,Arid,Total,3,ART3,31.7
10/4/18,19,Arid,Total,3,ART3,33.28
10/7/18,20,Arid,Total,3,ART3,38.68
10/18/18,21,Arid,Total,3,ART3,34.9
10/21/18,22,Arid,Total,3,ART3,29
10/23/18,23,Arid,Total,3,ART3,27.12
11/3/18,24,Arid,Total,3,ART3,25.78